Country,nx_lapl_centr_country
CYM,2.9772203461319965e-06
BEN,0.0001718823326716074
BIH,0.0010012613715808596
ERI,0.00012524734197031365
SDN,0.0015522501116500356
UGA,0.0016154382170403443
GIN,0.0007575420680185164
MLI,0.00024728006207132476
GRC,0.0018035124062682085
VGB,1.3177785193444108e-06
SHN,1.6260701699585494e-07
BDI,0.0003412629220307011
HUN,0.004263433802474175
JOR,8.170483712389301e-05
PAN,0.00029463663294141903
SPM,4.711010711349877e-06
BTN,8.833585046243503e-05
SOM,0.0003614308682132458
SCG,0.001851477788222116
CUB,0.007529733828384978
GRL,8.696396304796987e-09
KHM,0.0004709290794056128
COD,0.0020328770777830953
FRA,0.03529913067335396
NPL,0.00141558281472309
CRI,0.0003345344725633612
GLP,7.430799579570038e-05
NER,0.00023228917675205835
BMU,1.5832417187855815e-05
AZE,0.002404317223507451
GRD,1.7481838181054721e-06
COM,6.814969985078011e-06
ARM,0.0007693123144579893
REU,0.00018767981727278496
UKR,0.031006198870108314
TON,5.34552139019552e-07
MWI,0.0005292208888126831
ZMB,0.000824229168530794
CHN,0.14658572434220443
TUN,0.0003563680890013514
CZE,0.01230800392288283
VEN,0.0026133438178318797
MOZ,0.001867201581684244
KNA,2.396091494368966e-05
DOM,0.0010645012342189797
PYF,3.3267107985721892e-06
ESP,0.008859599763824744
GHA,0.000700035741221978
KWT,0.000744093084671136
VCT,1.0812667910911588e-05
FRO,3.006874452336734e-10
PRK,0.004989767235659862
GIB,3.3704025756476525e-06
PRT,0.0014135334157037197
TKM,0.0004998496882961624
AGO,0.0009594362308025838
LSO,0.00019343032301759035
SYR,0.0003543229276153668
IRQ,0.0007154499756817338
STP,5.1504934593700324e-06
JPN,0.05937074835893253
BHS,0.0001403087265718886
KAZ,0.010382878589827085
GNB,7.972631579544165e-05
NOR,0.0013897592483534482
LVA,0.001260618976828424
COG,0.00011944465260558417
MKD,0.00030841689216686555
CIV,0.000500966967778611
GAB,0.00022493374338599604
MYS,0.0012736732872612865
KGZ,0.0008665244450384354
BRN,3.5184521362249895e-05
EGY,0.002273595402762139
ROU,0.008139333687234698
MLT,3.841379213807689e-05
KOR,0.0037468111189658143
PLW,7.663574264977235e-05
ARE,0.000285118230438949
LBY,0.000419407578698326
BRB,9.550220858189042e-05
ISR,0.0007413940026288633
ANT,0.0006080497924767572
URY,0.0004737661481180579
GEO,0.0016911163064244853
ZWE,0.001940993560113163
ZAF,0.014887505468280628
TJK,8.315660778042484e-05
ITA,0.019708254891365705
ALB,0.0003326690291902391
MRT,8.194120141327096e-05
RWA,0.00036831362293026975
VUT,2.3752279655332956e-06
ESH,3.5703193211834314e-06
PER,0.002294077865929359
LTU,0.0015010130251692736
IRL,0.0014037782554071371
CAF,0.00016254400390106928
VNM,0.003615050548316791
MDV,5.347975283446576e-07
AUT,0.0035999544212453067
CAN,0.026222504147529455
SWZ,0.00031991031332056873
TGO,0.00015283934456032913
MDA,0.0006897542105973777
MMR,0.002457743948429221
PRY,0.0004929420002463349
EST,0.0014040628943539498
HRV,0.0011363061391895476
SEN,0.000265260417033123
MUS,0.0004866090836052295
HND,0.0005797783010467975
BLR,0.004130968355022647
AIA,8.72064643484044e-08
SYC,5.746441023323861e-06
NLD,0.008057491767658301
SGP,0.0002854248054679298
SLV,0.0006694426411142183
CYP,0.00010682335172412453
GMB,2.6592378762595746e-05
HKG,0.0006391469878852875
IRN,0.00282798523287569
WSM,5.1296113184639985e-06
GUY,0.00040241506115675543
SWE,0.007933750227976837
AIR,0.0015023402416497508
BGD,0.0033695888591515795
POL,0.02037719230212512
SLB,3.7176595576538473e-06
MNG,0.00043503055268814486
DJI,3.9828288783263455e-05
BRA,0.023323001327939682
KEN,0.001528386560043948
AFG,6.340533647280996e-05
BGR,0.003180641931328826
PRI,5.264274543084113e-05
TZA,0.001298439372202749
SVN,0.0004244272568666135
PHL,0.003742603292158256
LBN,0.00032285577252336476
DZA,0.0004978940919434466
USA,0.5410670596521915
CMR,0.0008658856016543503
GBR,0.04700305568888205
ATG,1.1736648910609507e-05
COL,0.004299508144518622
NAM,7.346440934199438e-05
NCL,3.104529482409494e-05
GUF,2.470757551670969e-05
SUR,0.00011412820358095507
BEL,0.009429667772682294
PAK,0.006586224898614907
RUS,0.11944251977430244
TCA,5.967180286824135e-07
TLS,6.7676869777054295e-06
NZL,0.0008547324729173563
MEX,0.007561020990717904
LBR,0.00018002832386413033
JAM,0.0008192162030577747
LAO,0.0001788679677091932
OMN,4.540539263464529e-05
MAR,0.0007497496822456071
BOL,0.00039283528202329574
AUS,0.012958717532025758
GTM,0.0015672796204163253
SLE,0.0004692969421217217
COK,4.4067344528372104e-07
IDN,0.012969529527883447
CHE,0.001508821739354008
PNG,0.0001716411427601873
THA,0.0028596686218378005
BHR,9.051780390649022e-05
LCA,9.504941456724419e-06
UZB,0.0017257186323395772
DMA,9.767334385455397e-06
ETH,0.003324638150973596
DNK,0.004395754847608712
ARG,0.0064853394163000705
KIR,5.032631526014199e-07
LKA,0.0010500182468418011
IND,0.0565585752768707
LUX,0.001435272409708572
MTQ,3.909376371176415e-05
SAU,0.0007044305641872787
SVK,0.002542800687820679
QAT,0.00023074794409985304
FLK,9.395852974392634e-07
SEA,0.004969349034186886
MAC,8.500333665911984e-06
GNQ,6.283365145123462e-06
BLZ,0.00010220693133926418
MDG,0.0003770224323805837
TUR,0.00455266800030499
ECU,0.0008635772381256498
YEM,5.56068921657914e-05
DEU,0.08127549984192198
FIN,0.0037016996653360394
NGA,0.011072061101644604
BWA,5.9217561706392844e-05
TWN,0.0021566930347479553
ISL,9.376587080257727e-05
FJI,0.0003487047425771801
CPV,1.487886798519077e-05
NIC,0.000440878149873193
ABW,4.0322945831391225e-06
TCD,0.00030691338067160987
TTO,0.00016872595340507946
CHL,0.001674139115491442
HTI,0.0005928980240185429
BFA,0.0006152145573836545
